{
  "mean": 0.6861072433931058,
  "std": 0.13505875421907826,
  "q05": 0.438468992248062,
  "q50": 0.6923076923076923,
  "q95": 0.8787409700722393,
  "recommended_threshold": 0.3
}