{
  "roc_auc": 0.7725563909774436,
  "average_precision": 0.8693065152331543,
  "accuracy": 0.7209302325581395,
  "f1": 0.7931034482758622,
  "balanced_accuracy": 0.695749791144528,
  "mcc": 0.3716537044109958,
  "precision": 0.8333333333333334,
  "recall": 0.756578947368421,
  "confusion_matrix": [
    [
      40,
      23
    ],
    [
      37,
      115
    ]
  ],
  "threshold_default": 0.5,
  "threshold_optimal_mcc": 0.428571,
  "thresholds": {
    "default": {
      "value": 0.5,
      "confusion_matrix": [
        [
          40,
          23
        ],
        [
          37,
          115
        ]
      ],
      "accuracy": 0.7209302325581395,
      "f1": 0.7931034482758622,
      "balanced_accuracy": 0.695749791144528,
      "mcc": 0.3716537044109958,
      "precision": 0.8333333333333334,
      "recall": 0.756578947368421,
      "support": 215
    },
    "optimal_mcc": {
      "value": 0.428571,
      "confusion_matrix": [
        [
          36,
          27
        ],
        [
          24,
          128
        ]
      ],
      "accuracy": 0.7627906976744186,
      "f1": 0.8338762214983714,
      "balanced_accuracy": 0.706766917293233,
      "mcc": 0.41962527894198703,
      "precision": 0.8258064516129032,
      "recall": 0.8421052631578947,
      "support": 215
    }
  },
  "support_test": 215.0,
  "positive_rate_test": 0.7069767441860465,
  "dataset_hash": "f1d8956d35ac955658f6d50165d8a3074dee5b8cf70778cc64015d859fa07326",
  "oob_score": 0.7886297376093294,
  "calibration": {
    "used": true,
    "method": "isotonic_prefit",
    "train_size": 686,
    "calibration_size": 172,
    "class_balance_train": {
      "positive": 0.619533527696793,
      "negative": 0.38046647230320696
    },
    "class_balance_calibration": {
      "positive": 0.6162790697674418,
      "negative": 0.38372093023255816
    },
    "train_index_hash": "75a8806d860131c29f2f43bce25b1220d79317a2ee29c57984fc5023cec86f6e",
    "calibration_index_hash": "519670d06808f32b27f385acf1e6d6d0e3040a80b47e7ad5760b512554ab03a5"
  },
  "split_metadata": {
    "path": "data\\splits\\scaffold_split.json",
    "name": "scaffold_split",
    "hash": "dfff318c846b3148aadde0029bcb26f6aa38acfc524356ff0da6fe1236a19614",
    "dataset_hash": "f1d8956d35ac955658f6d50165d8a3074dee5b8cf70778cc64015d859fa07326",
    "strategy": "scaffold_split",
    "train_size": 858,
    "test_size": 215
  },
  "class_balance": {
    "train": {
      "positive": 0.619533527696793,
      "negative": 0.38046647230320696
    },
    "calibration": {
      "positive": 0.6162790697674418,
      "negative": 0.38372093023255816
    },
    "test": {
      "positive": 0.7069767441860465,
      "negative": 0.2930232558139535
    }
  },
  "train_size": 686.0,
  "calibration_size": 172.0,
  "classification_report": "              precision    recall  f1-score   support\n\n           0      0.519     0.635     0.571        63\n           1      0.833     0.757     0.793       152\n\n    accuracy                          0.721       215\n   macro avg      0.676     0.696     0.682       215\nweighted avg      0.741     0.721     0.728       215\n",
  "dataset_snapshot": {
    "n_samples": 1073,
    "n_features": 1625,
    "train_size": 858,
    "test_size": 215,
    "train_positive_rate": 0.6188811188811189,
    "test_positive_rate": 0.7069767441860465,
    "dataset_hash": "f1d8956d35ac955658f6d50165d8a3074dee5b8cf70778cc64015d859fa07326"
  },
  "dataset_versions": {
    "pandas": "2.0.3",
    "numpy": "1.24.3",
    "rdkit": "2023.03.2",
    "sklearn": "1.3.0",
    "chembl_webresource_client": "0.10.8"
  },
  "target_chembl_id": "CHEMBL279",
  "cutoff_binary": 6.5,
  "group_kfold_available": 1.0,
  "raw_metrics": {
    "roc_auc": 0.7725563909774436,
    "average_precision": 0.8693065152331543,
    "accuracy": 0.7209302325581395,
    "f1": 0.7931034482758622,
    "balanced_accuracy": 0.695749791144528,
    "mcc": 0.3716537044109958,
    "precision": 0.8333333333333334,
    "recall": 0.756578947368421,
    "threshold_default": 0.5,
    "threshold_optimal_mcc": 0.428571,
    "support_test": 215.0,
    "positive_rate_test": 0.7069767441860465,
    "oob_score": 0.7886297376093294,
    "train_size": 686.0,
    "calibration_size": 172.0,
    "cutoff_binary": 6.5,
    "group_kfold_available": 1.0
  },
  "smoothing": {
    "alpha": 0.35,
    "previous_metrics_used": false,
    "updated_at": "2025-11-05T19:14:02.904915+00:00"
  }
}